site,pop_id
"82643","84309"
"82644","84309"
"82645","84309"
"82646","84309"
"84277","84309"
"84284","84309"
"84292","84309"
"84294","84309"
"84303","84309"
"84306","84309"
"84307","84309"
"84309","84309"
"84310","84309"
"84312","84309"
"84317","84309"
"84962","84309"
"84963","84309"
"87495","84309"
"82682","84218"
"84218","84218"
"84226","84235"
"84235","84235"
"84237","84235"
"84255","84235"
"84266","84235"
"84313","84313"
"84325","84313"
"84326","84313"
"84327","84313"
"84329","84313"
"70163","70208"
"70208","70208"
"71014","70208"
"71073","70208"
"71215","70208"
"71246","70208"
"71261","70208"
"71329","70208"
"72176","70208"
"72204","70208"
"72392","70208"
"72609","70208"
"74098","70208"
"74099","70208"
"70355","70399"
"70399","70399"
"70442","70399"
"70472","70399"
"71063","70399"
"71121","70399"
"71362","70399"
"71389","70399"
"71461","70399"
"71639","70399"
"71679","70399"
"71732","70399"
"71734","70399"
"71763","70399"
"71811","70399"
"71887","70399"
"71910","70399"
"71938","70399"
"72021","70399"
"72097","70399"
"72179","70399"
"72210","70399"
"72215","70399"
"72240","70399"
"72276","70399"
"72368","70399"
"72404","70399"
"72465","70399"
"72849","70399"
"72855","70399"
"72998","70399"
"74060","70399"
"74061","70399"
"74062","70399"
"74063","70399"
"74158","70399"
"74159","70399"
"74205","70399"
"74206","70399"
"70651","70651"
"71771","70651"
"71952","70651"
"72330","70651"
"72351","70651"
"73005","70651"
"74013","70651"
"70627","70650"
"70650","70650"
"71327","70650"
"71537","70650"
"72985","70650"
"71119","72828"
"71448","72828"
"71540","72828"
"72004","72828"
"72828","72828"
"70243","70243"
"71820","70243"
"71972","70243"
"72678","70243"
"72768","70243"
"72839","70243"
"72927","70243"
"70508","70514"
"70514","70514"
"72708","70514"
"72990","70514"
"73013","70666"
"70045","70666"
"70400","70666"
"70666","70666"
"71162","70666"
"71184","70666"
"71539","70666"
"71741","70666"
"71776","70666"
"71965","70666"
"72138","70666"
"72451","70666"
"72463","70666"
"72598","70666"
"72667","70666"
"72999","70666"
"74157","70666"
"74333","70666"
"70044","70529"
"70164","70529"
"70492","70529"
"70529","70529"
"72076","70529"
"72307","70529"
"72601","70529"
"72962","70529"
"73042","70529"
"52246","52249"
"52247","52249"
"52249","52249"
"52248","52249"
"52263","52264"
"52264","52264"
"52265","52264"
"52266","52264"
"52267","52264"
"70403","70629"
"70629","70629"
"70197","70624"
"70545","70624"
"70624","70624"
"70734","70624"
"71380","70624"
"71645","70624"
"71876","70624"
"71908","70624"
"71924","70624"
"72115","70624"
"72152","70624"
"72157","70624"
"72188","70624"
"72193","70624"
"72245","70624"
"72402","70624"
"72568","70624"
"72865","70624"
"74041","70624"
"74045","70624"
"74048","70624"
"74051","70624"
"74053","70624"
"74054","70624"
"70439","70439"
"71406","70439"
"71476","70439"
"71962","70439"
"72466","70439"
"72953","70439"
"74141","70439"
"74142","70439"
"74143","70439"
"74144","70439"
"74975","70439"
"70187","70548"
"70368","70548"
"70548","70548"
"70657","70657"
"71275","70657"
"71597","70657"
"71842","70657"
"72302","70642"
"70211","70642"
"70634","70642"
"70642","70642"
"71530","70642"
"72424","70642"
"72105","72579"
"72579","72579"
"74118","72579"
"74119","72579"
"74120","72579"
"74123","72579"
"70505","70505"
"71899","70505"
"71971","70505"
"72092","70505"
"72604","70505"
"72654","70505"
"72894","70505"
"70255","70255"
"72732","70255"
"74335","70255"
"70280","72425"
"70543","72425"
"72425","72425"
"72524","72425"
"72737","72425"
"73072","72425"
"70156","70459"
"70267","70459"
"70459","70459"
"71020","70459"
"71083","70459"
"71085","70459"
"71125","70459"
"71248","70459"
"71360","70459"
"71396","70459"
"71489","70459"
"71674","70459"
"71898","70459"
"72001","70459"
"72087","70459"
"72131","70459"
"72476","70459"
"72974","70459"
"74269","70459"
"72973","72973"
"74976","72973"
"70327","70327"
"70421","70327"
"72989","70327"
"74281","70327"
"72336","72808"
"72808","72808"
"70481","70481"
"72695","70481"
"70470","70470"
"72773","70470"
"70062","70567"
"70284","70567"
"70567","70567"
"71267","70567"
"71378","70567"
"71427","70567"
"71451","70567"
"71455","70567"
"71743","70567"
"71896","70567"
"71953","70567"
"72206","70567"
"72234","70567"
"72358","70567"
"72458","70567"
"72580","70567"
"72602","70567"
"72605","70567"
"72620","70567"
"72655","70567"
"72878","70567"
"70114","70413"
"70175","70413"
"70279","70413"
"70413","70413"
"71381","70413"
"71393","70413"
"71546","70413"
"71933","70413"
"71968","70413"
"72008","70413"
"72024","70413"
"72093","70413"
"72264","70413"
"72390","70413"
"72442","70413"
"72472","70413"
"72502","70413"
"72696","70413"
"70074","70122"
"70122","70122"
"71963","70122"
"72796","70122"
"72986","70122"
"70343","70583"
"70583","70583"
"71435","70583"
"70032","72212"
"72147","72212"
"72212","72212"
"72885","72212"
"70278","70278"
"72759","70278"
"70028","70563"
"70038","70563"
"70354","70563"
"70563","70563"
"70736","70563"
"71176","70563"
"71364","70563"
"71426","70563"
"71859","70563"
"72149","70563"
"72550","70563"
"72554","70563"
"72664","70563"
"72725","70563"
"72772","70563"
"72960","70563"
"73009","70563"
"74284","70563"
"70224","70224"
"71812","70224"
"72535","70224"
"72690","70224"
"72862","70224"
"50217","50217"
"50218","50217"
"50731","50217"
"52003","50217"
"53015","50217"
"53016","50217"
"50133","50133"
"50183","50133"
"51053","50133"
"51054","50133"
"51055","50133"
"51056","50133"
"51057","50133"
"51058","50133"
"51059","50133"
"51062","50133"
"51063","50133"
"51064","50133"
"51067","50133"
"51068","50133"
"51069","50133"
"52100","50133"
"52103","50133"
"52104","50133"
"52144","50133"
"53100","50133"
"53101","50133"
"53102","50133"
"53103","50133"
"53104","50133"
"53105","50133"
"53106","50133"
"53107","50133"
"53108","50133"
"53109","50133"
"53110","50133"
"53111","50133"
"53112","50133"
"53113","50133"
"53114","50133"
"53115","50133"
"53116","50133"
"53128","50133"
"53135","50133"
"53136","50133"
"53138","50133"
"53200","50133"
"53201","50133"
"50306","50306"
"50307","50306"
"51361","50306"
"54172","50306"
"54173","50306"
"51356","51357"
"51357","51357"
"51358","51357"
"54203","51357"
"52244","54188"
"52271","54188"
"54188","54188"
"10036","10037"
"10037","10037"
"12012","10037"
"12464","10037"
"10011","10011"
"11985","10011"
"11986","10011"
"11987","10011"
"11988","10011"
"11989","10011"
"12110","12111"
"12111","12111"
"10069","10090"
"10090","10090"
"10091","10090"
"10092","10090"
"10511","10090"
"11869","10090"
"11870","10090"
"12123","10090"
"12124","10090"
"12125","10090"
"12127","10090"
"12128","10090"
"12129","10090"
"10109","10109"
"10110","10109"
"10111","10109"
"10112","10109"
"10113","10109"
"11893","10109"
"11894","10109"
"11896","10109"
"11897","10109"
"10114","10114"
"11886","10114"
"11887","10114"
"11888","10114"
"11889","10114"
"11890","10114"
"11913","10114"
"12523","10114"
"12524","10114"
"10081","10102"
"10095","10102"
"10100","10102"
"10101","10102"
"10102","10102"
"10103","10102"
"11858","10102"
"11859","10102"
"11860","10102"
"11861","10102"
"12590","10102"
"12591","10102"
"12618","10102"
"12621","10102"
"50904","50904"
"51801","50904"
"50839","50967"
"50929","50967"
"50967","50967"
"52171","50967"
"52175","50967"
"50887","50887"
"52193","50887"
"10210","10213"
"10211","10213"
"10212","10213"
"10213","10213"
"10214","10213"
"10215","10213"
"10216","10213"
"10217","10213"
"10218","10213"
"10219","10213"
"10220","10213"
"11503","10213"
"11504","10213"
"11506","10213"
"11507","10213"
"11508","10213"
"11509","10213"
"11510","10213"
"11511","10213"
"11512","10213"
"11513","10213"
"11514","10213"
"11515","10213"
"11516","10213"
"11517","10213"
"11518","10213"
"11519","10213"
"11520","10213"
"11521","10213"
"11522","10213"
"11523","10213"
"11524","10213"
"11525","10213"
"11526","10213"
"11527","10213"
"11530","10213"
"11531","10213"
"11532","10213"
"11534","10213"
"11535","10213"
"11536","10213"
"11537","10213"
"11538","10213"
"11539","10213"
"11540","10213"
"12471","10213"
"12472","10213"
"12473","10213"
"12499","10213"
"12502","10213"
"12503","10213"
"12506","10213"
"12507","10213"
"12510","10213"
"12511","10213"
"12512","10213"
"12513","10213"
"10222","11495"
"10223","11495"
"10224","11495"
"10226","11495"
"11491","11495"
"11492","11495"
"11493","11495"
"11494","11495"
"11495","11495"
"11496","11495"
"11497","11495"
"11498","11495"
"11500","11495"
"11501","11495"
"11502","11495"
"12495","11495"
"12498","11495"
"12500","11495"
"10225","10225"
"11489","10225"
"11469","11470"
"11470","11470"
"11471","11470"
"11472","11470"
"11473","11470"
"10196","10198"
"10197","10198"
"10198","10198"
"10199","10198"
"10200","10198"
"11568","10198"
"11569","10198"
"11570","10198"
"11571","10198"
"11572","10198"
"12604","10198"
"12605","10198"
"10201","10201"
"11580","10201"
"11581","10201"
"11582","10201"
"12602","10201"
"12603","10201"
"10247","10249"
"10249","10249"
"10514","10249"
"11436","10249"
"11437","10249"
"11438","10249"
"11439","10249"
"12355","10249"
"12488","10249"
"10233","11395"
"11390","11395"
"11391","11395"
"11392","11395"
"11393","11395"
"11394","11395"
"11395","11395"
"11396","11395"
"11401","11395"
"11402","11395"
"12477","11395"
"12478","11395"
"12479","11395"
"12480","11395"
"12482","11395"
"12487","11395"
"10274","11347"
"11343","11347"
"11344","11347"
"11345","11347"
"11346","11347"
"11347","11347"
"11348","11347"
"11349","11347"
"11350","11347"
"11351","11347"
"11352","11347"
"11353","11347"
"11354","11347"
"11355","11347"
"11356","11347"
"11357","11347"
"11358","11347"
"11362","11347"
"12357","11347"
"12358","11347"
"12514","11347"
"12515","11347"
"12517","11347"
"12520","11347"
"10276","10277"
"10277","10277"
"11359","10277"
"11360","10277"
"12361","10277"
"12534","10277"
"12535","10277"
"12542","10277"
"10524","11333"
"11331","11333"
"11332","11333"
"11333","11333"
"11334","11333"
"11341","11333"
"11342","11333"
"12518","11333"
"12519","11333"
"12537","11333"
"12539","11333"
"12541","11333"
"10284","10285"
"10285","10285"
"11227","11229"
"11228","11229"
"11229","11229"
"10314","10315"
"10315","10315"
"10316","10315"
"10317","10315"
"10318","10315"
"10319","10315"
"11214","10315"
"11215","10315"
"11216","10315"
"11217","10315"
"11218","10315"
"11219","10315"
"11220","10315"
"11221","10315"
"11222","10315"
"12562","10315"
"12573","10315"
"12574","10315"
"10418","10418"
"11068","10418"
"11069","10418"
"11070","10418"
"12595","10418"
"10420","10421"
"10421","10421"
"10422","10421"
"10423","10421"
"12613","10421"
"50837","50837"
"50858","50837"
"50895","50837"
"50899","50837"
"52212","50837"
"10475","10477"
"10476","10477"
"10477","10477"
"11026","10477"
"11027","10477"
"11028","10477"
"11029","10477"
"11030","10477"
"10487","11010"
"10488","11010"
"10489","11010"
"10490","11010"
"11005","11010"
"11006","11010"
"11007","11010"
"11010","11010"
"11011","11010"
"11012","11010"
"13026","11010"
"13027","11010"
"11008","11009"
"11009","11009"
"12648","11009"
"13024","11009"
"13025","11009"
"20135","20135"
"21519","20135"
"21520","20135"
"21521","20135"
"20196","20198"
"20198","20198"
"20199","20198"
"23006","20198"
"21091","21092"
"21092","21092"
"20169","20169"
"20170","20169"
"21108","20169"
"21109","20169"
"21110","20169"
"21111","20169"
"20276","20276"
"23104","20276"
"23105","20276"
"23110","20276"
"20288","22008"
"22008","22008"
"22017","22008"
"22019","22008"
"20206","20231"
"20231","20231"
"21088","20231"
"22015","20231"
"22016","20231"
"22018","20231"
"20192","20192"
"21084","20192"
"21085","20192"
"20275","20275"
"21387","20275"
"21388","20275"
"21569","20275"
"23106","20275"
"40800","40800"
"40801","40800"
"12430",
"12486",
"20281",
"23019",
"23075",
"23076",
"54026",
"70001",
east_rock_creek_w,
"72082",
"72266",
"72252",
"72253",
"72254",
east_rock_creek_s,
"72303",
"72688",
"72838",
"73012",
"73014",
"73015",
"73065",
"73066",
"73067",
"73068",
"74330",
"74331",
"10001",
"10002",
"10003",
"10004",
"10005",
"10006",
"10007",
"10008",
"10009",
"10010",
"10012",
"10013",
"10014",
"10015",
"10016",
"10017",
"10018",
"10019",
"10020",
"10021",
"10022",
"10023",
"10024",
"10025",
"10026",
"10027",
"10028",
"10029",
"10030",
"10031",
"10032",
"10033",
"10034",
"10035",
"10039",
"10041",
"10042",
"10043",
"10044",
"10045",
"10046",
"10047",
"10050",
"10052",
"10053",
"10054",
"10055",
"10056",
"10057",
"10058",
"10059",
"10060",
"10061",
"10062",
"10063",
"10064",
"10065",
"10066",
"10067",
"10068",
"10070",
"10071",
"10072",
"10073",
"10074",
"10075",
"10076",
"10077",
"10078",
"10079",
"10080",
"10082",
"10083",
"10084",
"10085",
"10086",
"10087",
"10088",
"10093",
"10094",
"10096",
"10097",
"10098",
"10104",
"10105",
"10106",
"10107",
"10108",
"10115",
"10116",
"10117",
"10118",
"10119",
"10120",
"10121",
"10122",
"10123",
"10124",
"10125",
"10126",
"10127",
"10128",
"10129",
"10130",
"10131",
"10132",
"10133",
"10134",
"10135",
"10136",
"10137",
"10138",
"10139",
"10140",
"10141",
"10142",
"10143",
"10144",
"10145",
"10146",
"10147",
"10148",
"10149",
"10150",
"10151",
"10153",
"10154",
"10155",
"10157",
"10158",
"10159",
"10160",
"10161",
"10162",
"10163",
"10164",
"10165",
"10166",
"10167",
"10168",
"10169",
"10170",
"10171",
"10172",
"10173",
"10174",
"10175",
"10176",
"10177",
"10178",
"10179",
"10180",
"10181",
"10182",
"10183",
"10184",
"10185",
"10186",
"10187",
"10189",
"10190",
"10191",
"10192",
"10193",
"10194",
"10195",
"10202",
"10203",
"10204",
"10205",
"10206",
"10207",
"10208",
"10209",
"10221",
"10227",
"10228",
"10229",
"10230",
"10231",
"10232",
"10234",
"10235",
"10236",
"10237",
"10238",
"10239",
"10240",
"10242",
"10243",
"10244",
"10245",
"10246",
"10248",
"10250",
"10251",
"10252",
"10253",
"10254",
"10255",
"10256",
"10257",
"10258",
"10259",
"10260",
"10261",
"10262",
"10263",
"10264",
"10265",
"10266",
"10267",
"10268",
"10269",
"10270",
"10271",
"10272",
"10273",
"10275",
"10278",
"10279",
"10280",
"10281",
"10282",
"10283",
"10286",
"10287",
"10288",
"10289",
"10290",
"10291",
"10292",
"10293",
"10294",
"10295",
"10296",
"10297",
"10298",
"10299",
"10300",
"10301",
"10302",
"10303",
"10304",
"10305",
"10306",
"10307",
"10308",
"10309",
"10310",
"10311",
"10312",
"10313",
"10320",
"10321",
"10322",
"10323",
"10324",
"10325",
"10326",
"10327",
"10328",
"10329",
"10330",
"10331",
"10332",
"10333",
"10334",
"10335",
"10336",
"10337",
"10338",
"10339",
"10340",
"10341",
"10342",
"10343",
"10344",
"10345",
"10346",
"10347",
"10348",
"10349",
"10350",
"10351",
"10352",
"10353",
"10354",
"10355",
"10356",
"10357",
"10358",
"10359",
"10360",
"10361",
"10362",
"10363",
"10364",
"10365",
"10366",
"10367",
"10368",
"10369",
"10370",
"10371",
"10372",
"10373",
"10374",
"10375",
"10376",
"10377",
"10378",
"10379",
"10380",
"10381",
"10382",
"10383",
"10384",
"10385",
"10386",
"10387",
"10388",
"10389",
"10390",
"10391",
"10392",
"10393",
"10394",
"10395",
"10396",
"10397",
"10398",
"10399",
"10400",
"10401",
"10402",
"10403",
"10404",
"10405",
"10406",
"10407",
"10408",
"10409",
"10410",
"10411",
"10412",
"10413",
"10414",
"10415",
"10416",
"10417",
"10419",
"10424",
"10425",
"10426",
"10427",
"10428",
"10429",
"10430",
"10431",
"10432",
"10433",
"10434",
"10435",
"10436",
"10437",
"10438",
"10439",
"10440",
"10441",
"10442",
"10443",
"10444",
"10445",
"10446",
"10447",
"10448",
"10449",
"10450",
"10451",
"10452",
"10453",
"10454",
"10455",
"10456",
"10457",
"10458",
"10459",
"10460",
"10461",
"10462",
"10467",
"10468",
"10469",
"10470",
"10471",
"10472",
"10473",
"10474",
"10478",
"10479",
"10480",
"10481",
"10482",
"10483",
"10484",
"10485",
"10486",
"10491",
"10492",
"10493",
"10494",
"10495",
"10496",
"10497",
"10498",
"10499",
"10500",
"10501",
"10502",
"10503",
"10504",
"10505",
"10506",
"10507",
"10508",
"10509",
"10510",
"10512",
"10513",
"10515",
"10516",
"10517",
"10518",
"10519",
"10520",
"10521",
"10522",
"10523",
"10525",
"10526",
"10527",
"10528",
"10530",
"10531",
"10532",
"10533",
"10534",
"10535",
"10536",
"10537",
"10538",
"10539",
"10540",
"10541",
"10542",
"10543",
"10544",
"10545",
"10546",
"10547",
"10548",
"10549",
"10550",
"10551",
"10552",
"10553",
"10554",
"10555",
"10556",
"10557",
"10558",
"10559",
"10560",
"10561",
"10562",
"10563",
"10564",
"10565",
"10566",
"10567",
"10568",
"10569",
"10570",
"10571",
"10572",
"10573",
"10574",
"10575",
"10576",
"10577",
"10578",
"10579",
"10580",
"10581",
"10582",
"10583",
"10584",
"10585",
"10586",
"10587",
"10588",
"10589",
"10590",
"10591",
"10592",
"10593",
"10594",
"10595",
"10596",
"10597",
"10598",
"10599",
"10600",
"10617",
"10601",
"10602",
"10603",
"10604",
"10605",
"10606",
"10607",
"10608",
"10609",
"10610",
"10611",
"10612",
"10613",
"10614",
"10615",
"10616",
"10618",
"10619",
"10620",
"10621",
"10622",
"10623",
"10624",
"10625",
"10626",
"10627",
"10628",
"10629",
"10630",
"10631",
"10632",
"10633",
"10634",
"10635",
"10636",
"10637",
"10638",
"10639",
"10640",
"10641",
"10642",
"10643",
"10644",
"10645",
"10646",
"10647",
"10648",
"10649",
"10650",
"10651",
"10652",
"10653",
"10654",
"10655",
"10656",
"10657",
"10658",
"10659",
"10660",
"10661",
"10662",
"10663",
"10664",
"10666",
"10667",
"10668",
"10669",
"10670",
"10671",
"10672",
"10673",
"10674",
"10675",
"10676",
"10678",
"10679",
"10680",
"10681",
"10682",
"10683",
"10684",
"10685",
"10686",
"10687",
"10688",
"10689",
"10690",
"10691",
"10692",
"10693",
"10694",
"10695",
"10696",
"10697",
"10698",
"10699",
"10700",
"10701",
"10702",
"10703",
"10704",
"10705",
"10706",
"10707",
"10708",
"10800",
"10801",
"10802",
"10803",
"10804",
"10805",
"10806",
"10807",
"10808",
"10809",
"10810",
"10811",
"10812",
"10813",
"10814",
"10815",
"10816",
"11000",
"11001",
"11002",
"11003",
"11004",
"11014",
"11015",
"11016",
"11017",
"11018",
"11019",
"11020",
"11021",
"11022",
"11023",
"11024",
"11025",
"11031",
"11032",
"11033",
"11034",
"11037",
"11035",
"11036",
"11038",
"11039",
"11040",
"11041",
"11042",
"11043",
"11044",
"11045",
"11046",
"11047",
"11866",
"11048",
"11049",
"11050",
"11051",
"11052",
"11053",
"11054",
"11055",
"11056",
"11057",
"11058",
"11059",
"11060",
"11062",
"11063",
"11064",
"11065",
"11066",
"11067",
"11071",
"11072",
"11073",
"11074",
"11075",
"11076",
"11077",
"11078",
"11079",
"11080",
"11081",
"11082",
"11083",
"11084",
"11085",
"11086",
"11087",
"11088",
"11089",
"11090",
"11091",
"11092",
"11093",
"11094",
"11095",
"11096",
"11097",
"11098",
"11099",
"11100",
"11101",
"11102",
"11103",
"11104",
"11105",
"11106",
"11107",
"11108",
"11109",
"11110",
"11111",
"11112",
"11113",
"11114",
"11115",
"11116",
"11117",
"11118",
"11119",
"11120",
"11121",
"11122",
"11123",
"11124",
"11125",
"11126",
"11127",
"11128",
"11129",
"11130",
"11131",
"11132",
"11133",
"11134",
"11135",
"11136",
"11137",
"11138",
"11139",
"11140",
"11141",
"11142",
"11143",
"11144",
"11145",
"11146",
"11147",
"11148",
"11149",
"11150",
"11151",
"11152",
"11153",
"11154",
"11155",
"11156",
"11158",
"11159",
"11160",
"11161",
"11162",
"11163",
"11164",
"11165",
"11166",
"11167",
"11168",
"11169",
"11170",
"11171",
"11172",
"11173",
"11174",
"11175",
"11176",
"11177",
"11178",
"11179",
"11180",
"11181",
"11182",
"11183",
"11184",
"11185",
"11186",
"11187",
"11188",
"11189",
"11190",
"11191",
"11192",
"11193",
"11194",
"11195",
"11196",
"11197",
"11198",
"11199",
"11200",
"11201",
"11202",
"11203",
"11204",
"11205",
"11206",
"11207",
"11208",
"11209",
"11210",
"11211",
"11212",
"11213",
"11867",
"11223",
"11224",
"11225",
"11226",
"11230",
"11231",
"11232",
"11233",
"11234",
"11235",
"11236",
"11237",
"11238",
"11239",
"11240",
"11241",
"11242",
"11243",
"11244",
"11245",
"11246",
"11247",
"11248",
"11249",
"11250",
"11251",
"11252",
"11253",
"11254",
"11255",
"11256",
"11257",
"11258",
"11259",
"11260",
"11261",
"11262",
"11263",
"11264",
"11265",
"11266",
"11267",
"11268",
"11269",
"11270",
"11271",
"11272",
"11273",
"11274",
"11275",
"11276",
"11277",
"11278",
"11280",
"11281",
"11282",
"11283",
"11284",
"11285",
"11286",
"11287",
"11288",
"11289",
"11290",
"11291",
"11292",
"11293",
"11294",
"11295",
"11296",
"11297",
"11298",
"11299",
"11300",
"11306",
"11301",
"11302",
"11303",
"11304",
"11305",
"11307",
"11308",
"11309",
"11310",
"11311",
"11312",
"11313",
"11314",
"11315",
"11316",
"11317",
"11318",
"11319",
"11320",
"11321",
"11322",
"11323",
"11324",
"11325",
"11326",
"11327",
"11328",
"11329",
"11330",
"11335",
"11336",
"11337",
"11338",
"11339",
"11340",
"11361",
"11363",
"11364",
"11366",
"11368",
"11369",
"11370",
"11371",
"11372",
"11373",
"11374",
"11375",
"11376",
"11377",
"11378",
"11379",
"11380",
"11381",
"11382",
"11383",
"11384",
"11385",
"11386",
"11387",
"11388",
"11389",
"11398",
"11399",
"11400",
"11403",
"11404",
"11405",
"11406",
"11407",
"11408",
"11409",
"11410",
"11411",
"11412",
"11413",
"11414",
"11415",
"11416",
"11417",
"11418",
"11419",
"11420",
"11421",
"11422",
"11423",
"11424",
"11425",
"11426",
"11427",
"11428",
"11429",
"11430",
"11431",
"11432",
"11433",
"11434",
"11435",
"11440",
"11441",
"11442",
"11443",
"11444",
"11445",
"11446",
"11447",
"11448",
"11449",
"11450",
"11451",
"11452",
"11453",
"11454",
"11455",
"11456",
"11457",
"11458",
"11459",
"11460",
"11461",
"11462",
"11463",
"11464",
"11465",
"11468",
"11474",
"11475",
"11476",
"11477",
"11478",
"11479",
"11480",
"11481",
"11483",
"11484",
"11485",
"11486",
"11487",
"11488",
"11490",
"11528",
"11541",
"11542",
"11543",
"11544",
"11545",
"11546",
"11547",
"11548",
"11549",
"11550",
"11551",
"11552",
"11553",
"11554",
"11555",
"11556",
"11557",
"11558",
"11559",
"11560",
"11561",
"11562",
"11563",
"11564",
"11565",
"11566",
"11567",
"11573",
"11574",
"11575",
"11576",
"11577",
"11578",
"11579",
"11583",
"11584",
"11585",
"11586",
"11587",
"11588",
"11589",
"11590",
"11591",
"11592",
"11593",
"11594",
"11595",
"11596",
"11597",
"11598",
"11599",
"11600",
"11601",
"11602",
"11603",
"11604",
"11605",
"11606",
"11607",
"11608",
"11609",
"11610",
"11611",
"11612",
"11613",
"11614",
"11615",
"11616",
"11617",
"11618",
"11619",
"11620",
"11621",
"11622",
"11625",
"11626",
"11627",
"11628",
"11629",
"11630",
"11631",
"11632",
"11633",
"11634",
"11635",
"11636",
"11637",
"11638",
"11639",
"11640",
"11641",
"11642",
"11643",
"11644",
"11645",
"11646",
"11647",
"11648",
"11649",
"11650",
"11652",
"11653",
"11654",
"11655",
"11656",
"11657",
"11658",
"11659",
"11660",
"11661",
"11662",
"11664",
"11665",
"11666",
"11667",
"11668",
"11669",
"11670",
"11671",
"11672",
"11673",
"11674",
"11675",
"11676",
"11677",
"11678",
"11679",
"11680",
"11681",
"11682",
"11683",
"11684",
"11685",
"11686",
"11687",
"11688",
"11689",
"11690",
"11691",
"11692",
"11693",
"11694",
"11695",
"11696",
"11697",
"11698",
"11699",
"11700",
"11701",
"11702",
"11703",
"11704",
"11705",
"11706",
"11707",
"11708",
"11709",
"11710",
"11711",
"11712",
"11713",
"11714",
"11715",
"11716",
"11717",
"11718",
"11719",
"11720",
"11721",
"11723",
"11724",
"11725",
"11726",
"11727",
"11728",
"11729",
"11730",
"11731",
"11732",
"11733",
"11734",
"11735",
"11736",
"11737",
"11738",
"11739",
"11740",
"11741",
"11742",
"11743",
"11744",
"11745",
"11746",
"11747",
"11748",
"11749",
"11750",
"11751",
"11752",
"11753",
"11754",
"11755",
"11756",
"11757",
"11758",
"11759",
"11760",
"11761",
"11762",
"11763",
"11764",
"11765",
"11766",
"11767",
"11768",
"11769",
"11770",
"11771",
"11772",
"11775",
"11776",
"11777",
"11778",
"11779",
"11780",
"11781",
"11782",
"11783",
"11784",
"11785",
"11786",
"11787",
"11788",
"11789",
"11790",
"11791",
"11792",
"11793",
"11794",
"11795",
"11796",
"11797",
"11798",
"11799",
"11800",
"11801",
"11802",
"11803",
"11804",
"11805",
"11806",
"11808",
"11809",
"11810",
"11811",
"11812",
"11813",
"11814",
"11815",
"11816",
"11817",
"11818",
"11819",
"11820",
"11821",
"11822",
"11823",
"11824",
"11825",
"11826",
"11827",
"11828",
"11829",
"11830",
"11831",
"11832",
"11833",
"11834",
"11835",
"11836",
"11837",
"11838",
"11839",
"11840",
"11841",
"11842",
"11843",
"11844",
"11845",
"11846",
"11847",
"11848",
"11850",
"11851",
"11852",
"11853",
"11854",
"11855",
"11856",
"11857",
"11862",
"11863",
"11864",
"11865",
"11868",
"11872",
"11873",
"11876",
"11877",
"11878",
"11879",
"11880",
"11881",
"11882",
"11883",
"11884",
"11885",
"11891",
"11892",
"11895",
"11898",
"11899",
"11900",
"11901",
"11902",
"11903",
"11904",
"11905",
"11906",
"11907",
"11908",
"11909",
"11910",
"11911",
"11912",
"11914",
"11915",
"11916",
"11917",
"11918",
"11919",
"11920",
"11921",
"11922",
"11923",
"11924",
"11925",
"11926",
"11927",
"11928",
"11929",
"11930",
"11931",
"11932",
"11933",
"11934",
"11935",
"11936",
"11937",
"11938",
"11939",
"11940",
"11941",
"11942",
"11943",
"11944",
"11945",
"11946",
"11947",
"11948",
"11949",
"11950",
"11951",
"11952",
"11953",
"11954",
"11955",
"11956",
"11957",
"11958",
"11959",
"11960",
"11961",
"11962",
"11963",
"11964",
"11965",
"11966",
"11967",
"11969",
"11970",
"11971",
"11973",
"11974",
"11975",
"11976",
"11977",
"11978",
"11979",
"11980",
"11981",
"11982",
"11983",
"11984",
"11991",
"11992",
"11993",
"11994",
"11995",
"11996",
"11997",
"11998",
"11999",
"12000",
"12001",
"12002",
"12003",
"12004",
"12005",
"12006",
"12007",
"12008",
"12009",
"12010",
"12011",
"12013",
"12014",
"12015",
"12016",
"12017",
"12018",
"12019",
"12020",
"12021",
"12022",
"12024",
"12025",
"12026",
"12027",
"12028",
"12029",
"12030",
"12031",
"12032",
"12033",
"12034",
"12035",
"12036",
"12037",
"12038",
"12039",
"12040",
"12041",
"12042",
"12043",
"12044",
"12045",
"12046",
"12047",
"12048",
"12049",
"12050",
"12051",
"12052",
"12053",
"12054",
"12057",
"12058",
"12059",
"12061",
"12063",
"12064",
"12065",
"12066",
"12067",
"12068",
"12069",
"12070",
"12071",
"12072",
"12073",
"12074",
"12075",
"12076",
"12077",
"12078",
"12079",
"12080",
"12081",
"12082",
"12083",
"12084",
"12085",
"12086",
"12087",
"12088",
"12089",
"12090",
"12091",
"12092",
"12093",
"12094",
"12096",
"12097",
"12098",
"12099",
"12101",
"12102",
"12103",
"12105",
"12106",
"12107",
"12109",
"12112",
"12113",
"12114",
"12115",
"12116",
"12117",
"12118",
"12119",
"12120",
"12121",
"12122",
"12126",
"12130",
"12131",
"12132",
"12133",
"12134",
"12135",
"12136",
"12137",
"12138",
"12139",
"12140",
"12141",
"12142",
"12143",
"12144",
"12145",
"12146",
"12147",
"12148",
"12149",
"12150",
"12151",
"12152",
"12153",
"12154",
"12156",
"12157",
"12158",
"12159",
"12160",
"12161",
"12162",
"12163",
"12164",
"12165",
"12166",
"12167",
"12168",
"12169",
"12170",
"12171",
"12172",
"12173",
"12174",
"12175",
"12176",
"12177",
"12178",
"12179",
"12180",
"12181",
"12182",
"12183",
"12184",
"12185",
"12186",
"12188",
"12189",
"12190",
"12191",
"12192",
"12193",
"12194",
"12196",
"12197",
"12198",
"12199",
"12200",
"12201",
"12202",
"12203",
"12204",
"12205",
"12206",
"12207",
"12208",
"12209",
"12210",
"12211",
"12212",
"12213",
"12214",
"12215",
"12216",
"12217",
"12218",
"12219",
"12221",
"12222",
"12223",
"12224",
"12225",
"12226",
"12227",
"12228",
"12229",
"12230",
"12231",
"12232",
"12233",
"12234",
"12235",
"12236",
"12237",
"12239",
"12240",
"12241",
"12242",
"12243",
"12244",
"12245",
"12246",
"12247",
"12248",
"12249",
"12250",
"12251",
"12253",
"12254",
"12255",
"12256",
"12257",
"12258",
"12259",
"12260",
"12262",
"12263",
"12264",
"12265",
"12266",
"12267",
"12268",
"12269",
"12270",
"12271",
"12272",
"12273",
"12275",
"12276",
"12277",
"12278",
"12279",
"12280",
"12281",
"12282",
"12283",
"12284",
"12285",
"12286",
"12287",
"12288",
"12289",
"12290",
"12291",
"12292",
"12293",
"12294",
"12295",
"12296",
"12297",
"12298",
"12299",
"12300",
"12301",
"12302",
"12304",
"12305",
"12306",
"12307",
"12308",
"12309",
"12310",
"12311",
"12312",
"12313",
"12314",
"12315",
"12316",
"12317",
"12318",
"12319",
"12320",
"12321",
"12322",
"12323",
"12324",
"12325",
"12326",
"12327",
"12329",
"12330",
"12331",
"12332",
"12333",
"12334",
"12335",
"12336",
"12337",
"12338",
"12339",
"12340",
"12341",
"12342",
"12343",
"12344",
"12345",
"12346",
"12347",
"12348",
"12349",
"12350",
"12351",
"12352",
"12353",
"12356",
"12360",
"12362",
"12364",
"12365",
"12366",
"12367",
"12368",
"12370",
"12371",
"12372",
"12375",
"12376",
"12377",
"12378",
"12379",
"12380",
"12381",
"12382",
"12383",
"12384",
"12385",
"12386",
"12387",
"12388",
"12389",
"12390",
"12391",
"12392",
"12393",
"12394",
"12395",
"12396",
"12397",
"12398",
"12399",
"12400",
"12401",
"12402",
"12403",
"12404",
"12405",
"12406",
"12407",
"12408",
"12409",
"12410",
"12411",
"12412",
"12413",
"12414",
"12415",
"12416",
"12417",
"12418",
"12419",
"12420",
"12421",
"12422",
"12423",
"12424",
"12425",
"12427",
"12428",
"12429",
"12431",
"12432",
"12433",
"12434",
"12435",
"12436",
"12437",
"12438",
"12439",
"12440",
"12441",
"12442",
"12443",
"12444",
"12445",
"12446",
"12447",
"12448",
"12449",
"12450",
"12451",
"12452",
"12453",
"12454",
"12455",
"12456",
"12457",
"12458",
"12459",
"12460",
"12461",
"12462",
"12463",
"12466",
"12467",
"21352",
"12475",
"12476",
"13066",
"12483",
"12484",
"12485",
"12489",
"12490",
"12491",
"12492",
"12493",
"12494",
"12496",
"12497",
"12501",
"12504",
"12505",
"12508",
"12509",
"12516",
"12521",
"12522",
"12525",
"12527",
"12528",
"12529",
"12530",
"12531",
"12532",
"12533",
"12536",
"12538",
"12540",
"12543",
"12544",
"12545",
"12546",
"12547",
"12548",
"12549",
"12550",
"12551",
"12552",
"12553",
"12554",
"12555",
"12556",
"12557",
"12558",
"12559",
"12560",
"12561",
"12563",
"12564",
"12565",
"12566",
"12567",
"12568",
"12569",
"12570",
"12571",
"12572",
"12576",
"12577",
"12578",
"12579",
"12580",
"12583",
"12584",
"12585",
"12586",
"12587",
"12588",
"12592",
"12593",
"12594",
"12596",
"12597",
"12598",
"12599",
"12600",
"12601",
"12606",
"12607",
"12608",
"12609",
"12610",
"12611",
"12612",
"12614",
"12615",
"12616",
"12617",
"12619",
"12622",
"12623",
"12624",
"12625",
"12626",
"12627",
"12628",
"12629",
"12630",
"12631",
"12632",
"12633",
"12634",
"12635",
"12636",
"12637",
"12638",
"12639",
"12640",
"12641",
"12642",
"12643",
"12644",
"12645",
"12646",
"12647",
"12649",
"12650",
"13000",
"13001",
"13002",
"13003",
"13004",
"13005",
"13006",
"13007",
"13008",
"13009",
"13010",
"13011",
"13012",
"13013",
"13014",
"13015",
"13016",
"13017",
"13018",
"13022",
"13023",
"13028",
"13029",
"13030",
"13031",
"13032",
"13033",
"13034",
"13035",
"13036",
"13037",
"13038",
"13039",
"13040",
"13041",
"13042",
"13043",
"13044",
"13045",
"13046",
"13047",
"13049",
"13051",
"13052",
"13053",
"13054",
"13055",
"13056",
"13057",
"13058",
"13059",
"13060",
"13061",
"13062",
"13063",
"13064",
"13065",
"13067",
"13068",
"14000",
"14001",
"14002",
"14004",
"14005",
"14006",
"14007",
"14008",
"14010",
"14011",
"14012",
"14013",
"14014",
"14015",
"14016",
"14017",
"14018",
"14019",
"14020",
"14021",
"14022",
"14023",
"14024",
"14025",
"14026",
"14027",
"14028",
"14029",
"14030",
"14031",
"14032",
"14033",
"14034",
"14035",
"14036",
"14037",
"14038",
"14039",
"14040",
"14041",
"14042",
"14043",
"14044",
"14045",
"14046",
"14047",
"14048",
"14049",
"14050",
"14051",
"14052",
"14053",
"14054",
"14055",
"14056",
"14057",
"14058",
"14059",
"14060",
"14061",
"14062",
"14063",
"14064",
"14065",
"14066",
"14067",
"14068",
"14069",
"14070",
"14071",
"14072",
"14073",
"14074",
"14075",
"14076",
"14077",
"14079",
"14080",
"14081",
"14082",
"14083",
"14084",
"14085",
"14086",
"14087",
"14088",
"14089",
"14090",
"14091",
"14092",
"14093",
"14094",
"14095",
"14096",
"14097",
"14098",
"14099",
"14100",
"14101",
"14105",
"14106",
"14107",
"14108",
"14109",
"20000",
"20001",
"20002",
"20003",
"20004",
"20005",
"20006",
"20007",
"20008",
"20009",
"20010",
"20011",
"20012",
"20013",
"20014",
"20015",
"20016",
"20017",
"20018",
"20019",
"20020",
"20021",
"20022",
"20023",
"20024",
"20025",
"20026",
"20027",
"20028",
"20029",
"20030",
"20031",
"20032",
"20033",
"20034",
"20035",
"20036",
"20037",
"20038",
"20039",
"20040",
"20041",
"20042",
"20043",
"20044",
"20045",
"20046",
"20047",
"20048",
"20049",
"20050",
"20051",
"20052",
"20053",
"20054",
"20055",
"20056",
"20057",
"20058",
"20059",
"20060",
"20061",
"20062",
"20063",
"20064",
"20065",
"20066",
"20067",
"20068",
"20069",
"20070",
"20071",
"20072",
"20073",
"20074",
"20075",
"20076",
"20077",
"20078",
"20079",
"20080",
"20081",
"20082",
"20083",
"20084",
"20085",
"20086",
"20087",
"20088",
"20089",
"20090",
"20091",
"20092",
"20093",
"20094",
"20095",
"20096",
"20097",
"20098",
"20099",
"20100",
"20101",
"20102",
"20103",
"20104",
"20105",
"20106",
"20107",
"20108",
"20109",
"20110",
"20111",
"20113",
"20114",
"20115",
"20116",
"20117",
"20118",
"20119",
"20120",
"20121",
"20122",
"20123",
"20124",
"20125",
"20126",
"20127",
"20128",
"20129",
"20130",
"20131",
"20132",
"20133",
"20138",
"20139",
"20141",
"20142",
"20143",
"20144",
"20145",
"20146",
"20147",
"20148",
"20149",
"20150",
"20151",
"20154",
"20155",
"20156",
"20157",
"20158",
"20159",
"20161",
"20162",
"20163",
"20164",
"20165",
"20166",
"20167",
"20173",
"20174",
"20175",
"20176",
"20177",
"20178",
"20179",
"20180",
"20181",
"20182",
"20183",
"20184",
"20185",
"20186",
"20187",
"20188",
"20189",
"20190",
"20191",
"20193",
"20194",
"20195",
"20197",
"20200",
"20201",
"20202",
"20203",
"20204",
"20205",
"20207",
"20208",
"20209",
"20210",
"20211",
"20212",
"20213",
"20214",
"20215",
"20216",
"20217",
"20218",
"20219",
"20220",
"20221",
"20222",
"20223",
"20224",
"20225",
"20226",
"20227",
"20228",
"20229",
"20230",
"20232",
"20233",
"20234",
"20235",
"20236",
"20237",
"20238",
"20240",
"20241",
"20242",
"20243",
"20244",
"20248",
"20249",
"20250",
"20251",
"20252",
"20253",
"20254",
"20255",
"20256",
"20257",
"20258",
"20259",
"20260",
"20261",
"20262",
"20263",
"20264",
"20265",
"20267",
"20268",
"20269",
"20270",
"20271",
"20272",
"20273",
"20274",
"20277",
"20278",
"20279",
"20280",
"20282",
"20283",
"20284",
"20285",
"20286",
"20287",
"20289",
"20290",
"20291",
"20292",
"20293",
"20294",
"20295",
"20296",
"20297",
"20298",
"20299",
"20300",
"20301",
"20302",
"20303",
"20305",
"20306",
"20307",
"20308",
"20314",
"20315",
"20316",
"20340",
"20341",
"20342",
"20343",
"20344",
"20345",
"20346",
"20347",
"20348",
"20349",
"20350",
"20351",
"20352",
"20353",
"20354",
"20355",
"20356",
"20357",
"20358",
"20359",
"20360",
"20361",
"20362",
"20363",
"20364",
"20365",
"20366",
"20367",
"20368",
"20369",
"20370",
"20371",
"20372",
"20373",
"20374",
"20375",
"20376",
"20377",
"20378",
"20379",
"20380",
"20381",
"20382",
"20383",
"20384",
"20385",
"20386",
"20387",
"21000",
"21001",
"21003",
"21004",
"21005",
"21006",
"21007",
"21008",
"21009",
"21010",
"21011",
"21012",
"21013",
"21014",
"21015",
"21016",
"21017",
"21018",
"21019",
"21020",
"21021",
"21022",
"21023",
"21024",
"21025",
"21026",
"21027",
"21028",
"21029",
"21030",
"21031",
"21032",
"21033",
"21034",
"21035",
"21036",
"21037",
"21038",
"21039",
"21040",
"21041",
"21042",
"21043",
"21044",
"21045",
"21046",
"21047",
"21048",
"21049",
"21050",
"21051",
"21052",
"21053",
"21054",
"21055",
"21057",
"21058",
"21059",
"21060",
"21061",
"21062",
"21063",
"21064",
"21065",
"21066",
"21067",
"21068",
"21069",
"21070",
"21071",
"21072",
"21073",
"21074",
"21075",
"21076",
"21078",
"21079",
"21080",
"21081",
"21082",
"21083",
"21086",
"21087",
"21089",
"21090",
"21093",
"21094",
"21095",
"21096",
"21097",
"21098",
"21099",
"21100",
"21101",
"21102",
"21103",
"21104",
"21105",
"21106",
"21107",
"21112",
"21113",
"21114",
"21116",
"21117",
"21118",
"21119",
"21120",
"21121",
"21122",
"21123",
"21124",
"21125",
"21126",
"21127",
"21128",
"21129",
"21130",
"21131",
"21132",
"21133",
"21135",
"21136",
"21137",
"21138",
"21139",
"21140",
"21141",
"21142",
"21143",
"21144",
"21145",
"21146",
"21147",
"21148",
"21149",
"21150",
"21151",
"21152",
"21153",
"21154",
"21155",
"21156",
"21157",
"21158",
"21160",
"21161",
"21162",
"21163",
"21164",
"21165",
"21166",
"21167",
"21168",
"21169",
"21170",
"21171",
"21172",
"21173",
"21174",
"21175",
"21176",
"21177",
"21178",
"21179",
"21180",
"21181",
"21182",
"21183",
"21184",
"21185",
"21186",
"21187",
"21188",
"21189",
"21190",
"21191",
"21192",
"21193",
"21194",
"21195",
"21196",
"21197",
"21198",
"21199",
"21200",
"21201",
"21202",
"21203",
"21204",
"21205",
"21206",
"21207",
"21208",
"21209",
"21210",
"21211",
"21212",
"21213",
"21214",
"21215",
"21216",
"21217",
"21218",
"21219",
"21220",
"21221",
"21222",
"21223",
"21224",
"21225",
"21226",
"21227",
"21228",
"21229",
"21230",
"21231",
"21232",
"21233",
"21234",
"21235",
"21236",
"21238",
"21239",
"21240",
"21241",
"21242",
"21243",
"21244",
"21245",
"21246",
"21247",
"21248",
"21249",
"21250",
"21252",
"21253",
"21254",
"21255",
"21256",
"21257",
"21258",
"21259",
"21260",
"21261",
"21262",
"21263",
"21264",
"21265",
"21266",
"21267",
"21268",
"21269",
"21270",
"21271",
"21272",
"21273",
"21274",
"21275",
"21276",
"21277",
"21278",
"21279",
"21280",
"21281",
"21282",
"21283",
"21284",
"21286",
"21287",
"21288",
"21289",
"21290",
"21291",
"21292",
"21293",
"21294",
"21295",
"21296",
"21297",
"21298",
"21299",
"21300",
"21301",
"21302",
"21303",
"21304",
"21305",
"21306",
"21307",
"21308",
"21309",
"21310",
"21311",
"21312",
"21313",
"21314",
"21315",
"21316",
"21317",
"21318",
"21319",
"21320",
"21321",
"21322",
"21323",
"21324",
"21325",
"21326",
"21327",
"21328",
"21329",
"21330",
"21331",
"21332",
"21333",
"21334",
"21335",
"21336",
"21337",
"21338",
"21339",
"21340",
"21341",
"21342",
"21343",
"21344",
"21345",
"21346",
"21347",
"21348",
"21349",
"21350",
"21353",
"21354",
"21355",
"21356",
"21357",
"21358",
"21359",
"21362",
"21363",
"21364",
"21365",
"21366",
"21367",
"21368",
"21369",
"21370",
"21371",
"21372",
"21373",
"21374",
"21375",
"21376",
"21377",
"21378",
"21379",
"21380",
"21381",
"21382",
"21383",
"21384",
"21386",
"21389",
"21390",
"21391",
"21392",
"21393",
"21394",
"21395",
"21396",
"21397",
"21398",
"21399",
"21400",
"21401",
"21402",
"21403",
"21404",
"21405",
"21406",
"21407",
"21408",
"21409",
"21410",
"21411",
"21412",
"21413",
"21414",
"21415",
"21416",
"21417",
"21418",
"21420",
"21421",
"21422",
"21423",
"21424",
"21425",
"21426",
"21427",
"21428",
"21429",
"21430",
"21431",
"21432",
"21433",
"21434",
"21435",
"21436",
"21437",
"21438",
"21439",
"21440",
"21441",
"21442",
"21443",
"21445",
"21446",
"21447",
"21448",
"21449",
"21450",
"21452",
"21453",
"21455",
"21456",
"21457",
"21458",
"21459",
"21460",
"21461",
"21462",
"21463",
"21464",
"21465",
"21466",
"21467",
"21468",
"21469",
"21470",
"21471",
"21472",
"21473",
"21474",
"21475",
"21476",
"21477",
"21478",
"21479",
"21480",
"21481",
"21483",
"21484",
"21485",
"21486",
"21487",
"21488",
"21489",
"21490",
"21491",
"21492",
"21493",
"21494",
"21495",
"21496",
"21497",
"21498",
"21499",
"21500",
"21501",
"21502",
"21503",
"21504",
"21505",
"21506",
"21507",
"21508",
"21509",
"21510",
"21511",
"21512",
"21517",
"21518",
"21522",
"21524",
"21528",
"21529",
"21530",
"21531",
"21532",
"21533",
"21534",
"21535",
"21536",
"21537",
"21538",
"21539",
"21540",
"21541",
"21542",
"21543",
"21544",
"21545",
"21546",
"21547",
"21548",
"21549",
"21550",
"21551",
"21552",
"21553",
"21554",
"21555",
"21556",
"21557",
"21558",
"21559",
"21560",
"21561",
"21562",
"21563",
"21564",
"21565",
"21566",
"21567",
"21568",
"21570",
"21571",
"21572",
"21573",
"22000",
"22001",
"22002",
"22003",
"22004",
"22005",
"22006",
"22007",
"22009",
"22010",
"22011",
"22012",
"22013",
"22014",
"22020",
"22021",
"22022",
"22023",
"22024",
"22025",
"22026",
"22027",
"22028",
"22029",
"22030",
"22031",
"22032",
"22033",
"22034",
"22035",
"22036",
"22073",
"22075",
"22076",
"22077",
"22078",
"22079",
"22080",
"22081",
"22088",
"22089",
"22091",
"22092",
"22093",
"22094",
"22095",
"22099",
"22100",
"22101",
"22102",
"22103",
"22104",
"22105",
"22106",
"22107",
"22109",
"22110",
"22111",
"22112",
"22113",
"22114",
"22115",
"22116",
"22117",
"22118",
"22119",
"22120",
"22121",
"22122",
"22123",
"22124",
"22125",
"22126",
"22127",
"22128",
"22129",
"22130",
"22131",
"22132",
"22133",
"22134",
"22136",
"22137",
"22138",
"22139",
"22140",
"22141",
"22142",
"22143",
"22144",
"22145",
"22146",
"22147",
"22148",
"22149",
"22150",
"22151",
"22152",
"22153",
"22154",
"22155",
"22156",
"22157",
"22158",
"22159",
"22160",
"22161",
"22162",
"22163",
"22164",
"22165",
"22166",
"22167",
"22168",
"22169",
"22170",
"22171",
"22172",
"22173",
"22174",
"22175",
"22176",
"22177",
"22178",
"22179",
"22180",
"22181",
"22182",
"22183",
"22184",
"22185",
"22186",
"22187",
"22188",
"22189",
"22190",
"22191",
"22192",
"22193",
"22194",
"22195",
"22196",
"22197",
"22213",
"22214",
"22215",
"22216",
"22217",
"22218",
"22219",
"22220",
"22221",
"22222",
"22223",
"22224",
"22225",
"22226",
"22227",
"22228",
"22231",
"22232",
"22233",
"22234",
"22235",
"22236",
"22237",
"22238",
"22239",
"22240",
"22241",
"22242",
"22243",
"22244",
"23000",
"23001",
"23002",
"23004",
"23005",
"23007",
"23008",
"23009",
"23010",
"23011",
"23012",
"23013",
"23014",
"23015",
"23016",
"23017",
"23018",
"23020",
"23022",
"23023",
"23025",
"23026",
"23027",
"23028",
"23029",
"23030",
"23031",
"23032",
"23033",
"23034",
"23035",
"23036",
"23038",
"23039",
"23040",
"23041",
"23042",
"23043",
"23044",
"23045",
"23046",
"23047",
"23048",
"23049",
"23050",
"23051",
"23052",
"23053",
"23054",
"23055",
"23056",
"23057",
"23058",
"23059",
"23060",
"23061",
"23062",
"23063",
"23064",
"23065",
"23066",
"23067",
"23068",
"23069",
"23070",
"23071",
"23072",
"23073",
"23074",
"23077",
"23078",
"23079",
"23080",
"23081",
"23082",
"23083",
"23084",
"23085",
"23101",
"23102",
"23103",
"23107",
"23112",
"23113",
"40011",
"40015",
"40016",
"40020",
"40021",
"40023",
"40025",
"40027",
"40028",
"40029",
"40030",
"40036",
"40052",
"40057",
"40058",
"40073",
"40096",
"40112",
"40114",
"40125",
"40139",
"40140",
"40144",
"40149",
"40150",
"40174",
"40178",
"40179",
"40182",
"40183",
"40184",
"40186",
"40192",
"40199",
"40202",
"40205",
"40206",
"40222",
"40224",
"40225",
"40233",
"40236",
"40242",
"40243",
"40244",
"40245",
"40246",
"40247",
"40248",
"40250",
"40263",
"40270",
"40274",
"40275",
"40277",
"40279",
"40280",
"40295",
"40297",
"40304",
"40309",
"40560",
"40771",
"41001",
"41002",
"41003",
"41004",
"41005",
"41006",
"41007",
"41008",
"41009",
"41011",
"41012",
"41013",
"41014",
"41015",
"41016",
"41017",
"41018",
"41019",
"41020",
"41021",
"41022",
"41023",
"41024",
"41025",
"41026",
"41027",
"41028",
"41029",
"41031",
"41032",
"41033",
"41034",
"41035",
"41036",
"41037",
"41038",
"41039",
"41040",
"41044",
"41045",
"41046",
"41047",
"41048",
"41049",
"41050",
"41051",
"41203",
"41204",
"41205",
"41206",
"41207",
"41208",
"41209",
"41301",
"41302",
"41303",
"41305",
"41309",
"41311",
"41312",
"41315",
"41316",
"41318",
"41319",
"41320",
"41321",
"41322",
"41323",
"41324",
"41325",
"41326",
"41327",
"41329",
"41330",
"41343",
"41346",
"41347",
"41348",
"42011",
"42012",
"42013",
"42014",
"42015",
"42016",
"42017",
"42018",
"42019",
"42020",
"42021",
"42022",
"42023",
"42024",
"42026",
"42027",
"42028",
"42029",
"42030",
"42031",
"42032",
"42033",
"42034",
"42035",
"42036",
"42037",
"42039",
"42040",
"42041",
"42042",
"42043",
"42044",
"42045",
"42046",
"42047",
"42048",
"42049",
"42050",
"42051",
"42052",
"42053",
"42055",
"42056",
"42057",
"42058",
"42059",
"42060",
"42061",
"42062",
"42063",
"42064",
"42065",
"42066",
"42067",
"42068",
"42069",
"42070",
"42071",
"42072",
"42073",
"42074",
"42075",
"42076",
"42077",
"42078",
"42079",
"42080",
"42081",
"42082",
"42083",
"42084",
"42085",
"42086",
"42087",
"42088",
"42089",
"42090",
"42091",
"42092",
"42093",
"42094",
"42095",
"42096",
"42097",
"42098",
"42099",
"42206",
"42207",
"42208",
"42209",
"42210",
"42211",
"42212",
"42213",
"42214",
"42216",
"42217",
"42218",
"42219",
"42220",
"42221",
"42222",
"42223",
"42224",
"42225",
"42226",
"42227",
"42228",
"42229",
"42306",
"42307",
"42315",
"42316",
"42320",
"42322",
"42323",
"42324",
"42325",
"42343",
"42344",
"42345",
"42500",
"42501",
"42502",
"42503",
"42504",
"42505",
"42506",
"42507",
"42508",
"42509",
"42510",
"42511",
"42512",
"42513",
"42514",
"42515",
"42516",
"42517",
"42518",
"42519",
"42520",
"42521",
"42522",
"42523",
"42524",
"42525",
"42526",
"42527",
"42528",
"42529",
"42530",
"42533",
"42534",
"42535",
"42536",
"42537",
"42538",
"42539",
"42541",
"42563",
"42564",
"42565",
"42566",
"42568",
"42569",
"42570",
"42571",
"42572",
"42573",
"42574",
"42575",
"42576",
"42577",
"42578",
"42579",
"42580",
"42581",
"42582",
"42583",
"42584",
"42585",
"42587",
"42588",
"42589",
"42595",
"44101",
"44102",
"44103",
"44104",
"44105",
"44106",
"44107",
"44108",
"44109",
"44110",
"44111",
"44113",
"44114",
"44115",
"44116",
"44117",
"44118",
"44119",
"44120",
"44121",
"44122",
"44123",
"44124",
"44125",
"44126",
"44127",
"44128",
"44129",
"44130",
"44132",
"44133",
"44134",
"44135",
"44136",
"44137",
"44138",
"44139",
"44140",
"44141",
"44142",
"44143",
"44144",
"44145",
"44146",
"44147",
"44148",
"44149",
"50126",
"50130",
"50138",
"50139",
"50141",
"50143",
"50144",
"50149",
"50150",
"50153",
"50154",
"50155",
"50156",
"50157",
"50158",
"50159",
"50161",
"50162",
"50166",
"50167",
"50168",
"50170",
"50171",
"50172",
"50173",
"50175",
"50176",
"50178",
"50179",
"50180",
"50181",
"50182",
"50184",
"50185",
"50186",
"50187",
"50188",
"50189",
"50190",
"50192",
"50193",
"50194",
"50196",
"50197",
"50198",
"50199",
"50200",
"50201",
"50202",
"50203",
"50204",
"50205",
"50206",
"50207",
"50211",
"50212",
"50213",
"50214",
"50215",
"50216",
"50219",
"50221",
"50223",
"50224",
"50225",
"50227",
"50228",
"50229",
"50234",
"50237",
"50247",
"50255",
"50258",
"50261",
"50262",
"50263",
"50277",
"50279",
"50281",
"50283",
"50284",
"50291",
"50292",
"50301",
"50304",
"50305",
"50308",
"50312",
"50313",
"50314",
"50316",
"50317",
"50323",
"50324",
"50325",
"50326",
"50330",
"50331",
"50337",
"50339",
"50340",
"50341",
"50342",
"50343",
"50346",
"50347",
"50348",
"50349",
"50350",
"50355",
"50356",
"50357",
"50358",
"50360",
"50361",
"50365",
"50367",
"50368",
"50372",
"50374",
"50378",
"50382",
"50383",
"50384",
"50391",
"50395",
"50396",
"50397",
"50404",
"50415",
"50416",
"50417",
"50423",
"50424",
"50428",
"50446",
"50447",
"50448",
"50449",
"50466",
"50467",
"50468",
"50469",
"50481",
"50488",
"50496",
"50498",
"50512",
"50516",
"50521",
"50538",
"50545",
"50554",
"50560",
"50562",
"50576",
"50577",
"50578",
"50579",
"50580",
"50581",
"50582",
"50583",
"50584",
"50585",
"50622",
"50623",
"50625",
"50626",
"50648",
"50665",
"50666",
"50697",
"50703",
"50704",
"50706",
"50707",
"50709",
"50710",
"50735",
"50736",
"50737",
"50738",
"50739",
"50740",
"50741",
"50768",
"50770",
"50777",
"50779",
"50782",
"50783",
"50784",
"50785",
"50786",
"50787",
"50788",
"50789",
"50790",
"50897",
"51000",
"51001",
"51002",
"51003",
"51004",
"51005",
"51006",
"51007",
"51008",
"51009",
"51010",
"51011",
"51012",
"51013",
"51014",
"51016",
"51017",
"51018",
"51019",
"51020",
"51021",
"51022",
"51023",
"51024",
"51025",
"51026",
"51029",
"51030",
"51031",
"51032",
"51035",
"51036",
"51037",
"51038",
"51039",
"51040",
"51041",
"51042",
"51043",
"51044",
"51045",
"51046",
"51047",
"51048",
"51049",
"51050",
"51051",
"51052",
"51060",
"51061",
"51065",
"51066",
"51070",
"51071",
"51072",
"51073",
"51074",
"51075",
"51076",
"51077",
"51078",
"51079",
"51080",
"51081",
"51082",
"51083",
"51084",
"51085",
"51086",
"51087",
"51088",
"51089",
"51090",
"51091",
"51092",
"51093",
"51094",
"51095",
"51096",
"51100",
"51101",
"51102",
"51103",
"51104",
"51106",
"51107",
"51108",
"51109",
"51110",
"51111",
"51112",
"51113",
"51114",
"51115",
"51116",
"51118",
"51120",
"51121",
"51122",
"51123",
"51124",
"51125",
"51134",
"51135",
"51136",
"51137",
"51138",
"51139",
"51143",
"51144",
"51145",
"51146",
"51148",
"51150",
"51151",
"51152",
"51153",
"51154",
"51155",
"51156",
"51157",
"51160",
"51161",
"51328",
"51329",
"51330",
"51331",
"51332",
"51333",
"51334",
"51335",
"51336",
"51337",
"51338",
"51339",
"51340",
"51341",
"51342",
"51343",
"51344",
"51345",
"51346",
"51347",
"51351",
"51352",
"51353",
"51354",
"51355",
"51359",
"51363",
"51365",
"51366",
"51367",
"51368",
"51369",
"51371",
"51372",
"51373",
"51374",
"51375",
"51376",
"51377",
"51378",
"51379",
"51380",
"51381",
"51382",
"51383",
"51384",
"51385",
"51386",
"51388",
"51389",
"51390",
"51391",
"51392",
"51393",
"51394",
"51395",
"51396",
"51397",
"51398",
"51399",
"51400",
"51401",
"51402",
"51403",
"51404",
"51405",
"51406",
"51407",
"51408",
"51409",
"51410",
"51411",
"51412",
"51413",
"51414",
"51415",
"51417",
"51418",
"51419",
"51420",
"51421",
"51422",
"51423",
"51427",
"51430",
"51432",
"51434",
"51436",
"51437",
"51439",
"51440",
"51441",
"51442",
"51443",
"51444",
"51445",
"51447",
"51448",
"51449",
"51451",
"51452",
"51453",
"51454",
"51455",
"51457",
"51459",
"51460",
"51461",
"51462",
"51463",
"51464",
"51465",
"51466",
"51467",
"51468",
"51469",
"51470",
"51471",
"51472",
"51473",
"51474",
"51475",
"51476",
"51477",
"51478",
"51479",
"51480",
"51481",
"51482",
"51483",
"51484",
"51485",
"51487",
"51489",
"51490",
"51491",
"51492",
"51493",
"51494",
"51495",
"51496",
"51497",
"51498",
"51499",
"51500",
"51501",
"51502",
"51503",
"51504",
"51507",
"51509",
"51510",
"51511",
"51512",
"51513",
"51514",
"51515",
"51517",
"51518",
"51519",
"51520",
"51522",
"51523",
"51524",
"51526",
"51527",
"51528",
"51529",
"51530",
"51531",
"51532",
"51533",
"51534",
"51535",
"51536",
"51537",
"51610",
"51611",
"51612",
"51614",
"51615",
"51616",
"51617",
"51621",
"51622",
"51624",
"51700",
"51701",
"51702",
"51703",
"51704",
"51705",
"51706",
"51707",
"51708",
"51709",
"51713",
"51714",
"51715",
"51716",
"51717",
"51718",
"51719",
"51720",
"51722",
"51723",
"51724",
"51725",
"51726",
"51727",
"51728",
"51729",
"51730",
"51731",
"51732",
"51733",
"51734",
"51735",
"51736",
"51737",
"51738",
"51739",
"51740",
"51741",
"51742",
"51743",
"51744",
"51745",
"51746",
"51747",
"51748",
"51749",
"51750",
"51751",
"51752",
"52000",
"52001",
"52002",
"52005",
"52101",
"52102",
"52105",
"52106",
"52107",
"52108",
"52109",
"52110",
"52111",
"52112",
"52113",
"52114",
"52115",
"52116",
"52117",
"52118",
"52119",
"52120",
"52121",
"52122",
"52123",
"52124",
"52125",
"52126",
"52127",
"52128",
"52130",
"52131",
"52132",
"52133",
"52134",
"52135",
"52136",
"52137",
"52138",
"52139",
"52140",
"52141",
"52142",
"52143",
"52145",
"52234",
"52238",
"52240",
"52241",
"52245",
"52250",
"52251",
"52252",
"52253",
"52254",
"52255",
"52256",
"52257",
"52258",
"52259",
"52260",
"52261",
"52262",
"52268",
"52269",
"53000",
"53001",
"53002",
"53003",
"53004",
"53005",
"53006",
"53007",
"53008",
"53009",
"53010",
"53011",
"53012",
"53013",
"53014",
"53017",
"53117",
"53118",
"53119",
"53120",
"53121",
"53122",
"53123",
"53124",
"53125",
"53126",
"53127",
"53129",
"53130",
"53131",
"53132",
"53133",
"53134",
"53137",
"53139",
"53140",
"53141",
"53142",
"53143",
"53144",
"53145",
"53146",
"53147",
"53148",
"53149",
"53150",
"53151",
"53152",
"53153",
"53154",
"53155",
"53156",
"53157",
"53158",
"53159",
"53160",
"53161",
"53162",
"53164",
"53165",
"53166",
"53169",
"53170",
"53171",
"53172",
"53173",
"53174",
"53177",
"53178",
"53180",
"53182",
"53183",
"53187",
"53188",
"53189",
"53190",
"53191",
"53192",
"53193",
"53194",
"53195",
"53196",
"53197",
"53198",
"53199",
"53202",
"54001",
"54002",
"54003",
"54004",
"54006",
"54007",
"54008",
"54009",
"54010",
"54011",
"54012",
"54013",
"54014",
"54015",
"54016",
"54017",
"54018",
"54019",
"54020",
"54021",
"54022",
"54023",
"54024",
"54027",
"54028",
"54030",
"54031",
"54032",
"54034",
"54035",
"54050",
"54100",
"54150",
"54151",
"54152",
"54153",
"54154",
"54155",
"54156",
"54157",
"54158",
"54159",
"54160",
"54161",
"54162",
"54164",
"54165",
"54166",
"54167",
"54168",
"54169",
"54170",
"54171",
"54174",
"54175",
"54177",
"54178",
"54179",
"54180",
"54181",
"54182",
"54183",
"54184",
"54185",
"54186",
"54187",
"54189",
"54200",
"54202",
"54204",
"54205",
"54206",
"70000",
"70002",
"70003",
"70004",
"70005",
"70006",
"70007",
"70008",
"70010",
"70011",
"70012",
"70013",
"70014",
"70015",
"70016",
"70017",
"70018",
"70019",
"70020",
"70021",
"70022",
"70023",
"70024",
"70025",
"70026",
"70027",
"70029",
"70030",
"70031",
"70033",
"70034",
"70036",
"70037",
"70039",
"70040",
"70041",
"70042",
"70046",
"70047",
"70048",
"70049",
"70050",
"70051",
"70052",
"70053",
"70054",
"70056",
"70057",
"70058",
"70059",
"70060",
"70061",
"70063",
"70064",
"70065",
"70066",
"70068",
"70070",
"70071",
"70072",
"70073",
"70076",
"70077",
"70078",
"70079",
"70080",
"70081",
"70082",
"70083",
"70084",
"70085",
"70086",
"70087",
"70090",
"70092",
"70093",
"70094",
"70095",
"70096",
"70097",
"70098",
"70099",
"70100",
"70101",
"70102",
"70103",
"70104",
"70105",
"70106",
"70107",
"70108",
"70109",
"70110",
"70111",
"70112",
"70113",
"70115",
"70116",
"70117",
"70133",
"70118",
"70119",
"70120",
"70121",
"70123",
"70124",
"70125",
"70126",
"70127",
"70128",
"70129",
"70130",
"70131",
"70132",
"70134",
"70135",
"70136",
"70137",
"70139",
"70140",
"70141",
"70142",
"70143",
"70144",
"70145",
"70146",
"70147",
"70148",
"70149",
"70150",
"70151",
"70152",
"70154",
"70155",
"70157",
"70158",
"70159",
"70160",
"70161",
"70162",
"70165",
"70166",
"70167",
"70169",
"70170",
"70171",
"70172",
"70173",
"70176",
"70177",
"70178",
"70179",
"70180",
"70181",
"70182",
"70183",
"70184",
"70185",
"70186",
"70188",
"70189",
"70190",
"70191",
"70192",
"70193",
"70194",
"70196",
"70198",
"70199",
"70200",
"70201",
"70202",
"70203",
"70205",
"70206",
"70207",
"70209",
"70210",
"70212",
"70213",
"70214",
"70215",
"70216",
"70219",
"70220",
"70221",
"70222",
"70223",
"70225",
"70226",
"70227",
"70228",
"70229",
"70230",
"70232",
"70233",
"70234",
"70236",
"70237",
"70238",
"70239",
"70240",
"70241",
"70242",
"70244",
"70245",
"70246",
"70247",
"70248",
"70249",
"70250",
"70251",
"70252",
"70253",
"70254",
"70256",
"70257",
"70258",
"70259",
"70260",
"70261",
"70262",
"70263",
"70264",
"70265",
"70266",
"70268",
"70269",
"70270",
"70272",
"70273",
"70274",
"70275",
"70276",
"70277",
"70281",
"70282",
"70283",
"70285",
"70286",
"70287",
"70288",
"70289",
"70290",
"70291",
"70292",
"70293",
"70294",
"70295",
"70296",
"70297",
"70298",
"70299",
"70300",
"70301",
"70302",
"70304",
"70305",
"70306",
"70307",
"70308",
"70309",
"70310",
"70311",
"70312",
"70313",
"70314",
"70315",
"70316",
"70318",
"70319",
"70320",
"70321",
"70322",
"70323",
"70324",
"70325",
"70326",
"70328",
"70329",
"70330",
"70331",
"70332",
"70333",
"70335",
"70336",
"70337",
"70338",
"70339",
"70341",
"70342",
"70344",
"70345",
"70346",
"70347",
"70348",
"70349",
"70350",
"70351",
"70352",
"70353",
"70356",
"70357",
"70358",
"70359",
"70360",
"70361",
"70362",
"70363",
"70364",
"70366",
"70367",
"70369",
"70370",
"70371",
"70372",
"70375",
"70376",
"70377",
"70378",
"70379",
"70380",
"70381",
"70382",
"70383",
"70384",
"70385",
"70386",
"70387",
"70388",
"70389",
"70390",
"70391",
"70392",
"70393",
"70394",
"70395",
"70396",
"70397",
"70398",
"70401",
"70402",
"70404",
"70405",
"70406",
"70407",
"70408",
"70409",
"70410",
"70411",
"70412",
"70414",
"70415",
"70416",
"70417",
"70418",
"70419",
"70420",
"70422",
"70423",
"70424",
"70425",
"70426",
"70427",
"70428",
"70429",
"70430",
"70431",
"70433",
"70434",
"70435",
"70436",
"70437",
"70438",
"70440",
"70441",
"70444",
"70445",
"70447",
"70448",
"70449",
"70450",
"70451",
"70452",
"70454",
"70455",
"70456",
"70457",
"70458",
"70460",
"70461",
"70462",
"70463",
"70464",
"70465",
"70466",
"70467",
"70468",
"70469",
"70471",
"70473",
"70474",
"70475",
"70476",
"70477",
"70478",
"70479",
"70480",
"70482",
"70483",
"70484",
"70485",
"70486",
"70487",
"70488",
"70489",
"70490",
"70491",
"70493",
"70494",
"70496",
"70497",
"70498",
"70499",
"70500",
"70501",
"70502",
"70503",
"70504",
"70506",
"70509",
"70510",
"70511",
"70512",
"70513",
"70515",
"70516",
"70517",
"70518",
"70519",
"70520",
"70521",
"70522",
"70523",
"70524",
"70525",
"70526",
"70527",
"70528",
"70530",
"70531",
"70532",
"70533",
"70534",
"70535",
"70536",
"70537",
"70538",
"70539",
"70540",
"70541",
"70542",
"70544",
"70546",
"70547",
"70549",
"70550",
"70551",
"70552",
"70553",
"70554",
"70555",
"70556",
"70557",
"70558",
"70559",
"70560",
"70561",
"70562",
"70564",
"70565",
"70566",
"70568",
"70570",
"70571",
"70572",
"70573",
"70574",
"70575",
"70576",
"70577",
"70578",
"70579",
"70580",
"70581",
"70582",
"70584",
"70585",
"70586",
"70587",
"70588",
"70589",
"70590",
"70591",
"70592",
"70593",
"70594",
"70595",
"70596",
"70597",
"70598",
"70599",
"70600",
"70601",
"70602",
"70603",
"70604",
"70605",
"70606",
"70607",
"70608",
"70609",
"70610",
"70611",
"70612",
"70613",
"70614",
"70615",
"70616",
"70618",
"70619",
"70620",
"70621",
"70622",
"70623",
"70625",
"70626",
"70628",
"70630",
"70631",
"70632",
"70633",
"70635",
"70636",
"70637",
"70638",
"70639",
"70640",
"70641",
"70644",
"70646",
"70647",
"70648",
"70649",
"70652",
"70653",
"70654",
"70655",
"70656",
"70658",
"70659",
"70660",
"70661",
"70662",
"70663",
"70664",
"70665",
"70668",
"70669",
"70670",
"70671",
"70672",
"70674",
"70675",
"70677",
"70678",
"70679",
"70680",
"70682",
"70683",
"70684",
"70685",
"70686",
"70687",
"70688",
"70689",
"70690",
"70691",
"70692",
"70693",
"70694",
"70695",
"70696",
"70698",
"70699",
"70700",
"70701",
"70702",
"70703",
"70704",
"70705",
"70706",
"70707",
"70708",
"70709",
"70710",
"70711",
"70712",
"70713",
"70714",
"70715",
"70716",
"70717",
"70718",
"70719",
"70720",
"70721",
"70722",
"70724",
"70725",
"70726",
"70727",
"70728",
"70729",
"70730",
"70731",
"70732",
"70733",
"70735",
"71001",
"71002",
"71003",
"71004",
"71005",
"71006",
"71007",
"71008",
"71009",
"71010",
"71011",
"71012",
"71013",
"71015",
"71016",
"71017",
"71018",
"71019",
"71021",
"71022",
"71023",
"71024",
"71026",
"71027",
"71028",
"71029",
"71030",
"71032",
"71033",
"71034",
"71035",
"71036",
"71037",
"71038",
"71039",
"71040",
"71042",
"71043",
"71045",
"71046",
"71047",
"71048",
"71049",
"71050",
"71051",
"71052",
"71053",
"71054",
"71055",
"71056",
"71058",
"71059",
"71060",
"71061",
"71062",
"71064",
"71065",
"71066",
"71067",
"71068",
"71069",
"71070",
"71071",
"71072",
"71074",
"71075",
"71076",
"71077",
"71078",
"71079",
"71081",
"71084",
"71086",
"71087",
"71088",
"71089",
"71090",
"71091",
"71092",
"71093",
"71094",
"71095",
"71096",
"71097",
"71099",
"71100",
"71101",
"71102",
"71103",
"71104",
"71105",
"71106",
"71107",
"71108",
"71109",
"71110",
"71111",
"71112",
"71113",
"71114",
"71115",
"71116",
"71117",
"71118",
"71122",
"71123",
"71126",
"71127",
"71128",
"71129",
"71130",
"71131",
"71132",
"71133",
"71134",
"71135",
"71137",
"71138",
"71139",
"71140",
"71141",
"71142",
"71143",
"71144",
"71145",
"71146",
"71147",
"71148",
"71149",
"71150",
"71151",
"71153",
"71154",
"71155",
"71156",
"71157",
"71158",
"71159",
"71160",
"71161",
"71163",
"71164",
"71165",
"71166",
"71167",
"71168",
"71169",
"71170",
"71171",
"71172",
"71173",
"71174",
"71175",
"71177",
"71178",
"71179",
"71180",
"71181",
"71182",
"71183",
"71185",
"71186",
"71187",
"71188",
"71189",
"71190",
"71191",
"71192",
"71193",
"71194",
"71195",
"71196",
"71197",
"71198",
"71199",
"71200",
"71201",
"71202",
"71203",
"71204",
"71205",
"71206",
"71207",
"71208",
"71209",
"71210",
"71211",
"71212",
"71213",
"71214",
"71216",
"71217",
"71218",
"71219",
"71220",
"71221",
"71222",
"71223",
"71224",
"71225",
"71226",
"71227",
"71228",
"71229",
"71230",
"71231",
"71232",
"71233",
"71234",
"71235",
"71237",
"71238",
"71249",
"71239",
"71240",
"71241",
"71242",
"71243",
"71244",
"71245",
"71247",
"71250",
"71251",
"71252",
"71253",
"71254",
"71255",
"71256",
"71257",
"71258",
"71259",
"71260",
"71262",
"71263",
"71264",
"71265",
"71266",
"71268",
"71269",
"71270",
"71271",
"71272",
"71273",
"71274",
"71276",
"71277",
"71278",
"71280",
"71281",
"71283",
"71284",
"71285",
"71286",
"71287",
"71288",
"71289",
"71290",
"71292",
"71293",
"71294",
"71295",
"71297",
"71298",
"71299",
"71301",
"71302",
"71303",
"71304",
"71305",
"71307",
"71308",
"71309",
"71310",
"71311",
"71312",
"71313",
"71314",
"71315",
"71316",
"71317",
"71318",
"71319",
"71320",
"71321",
"71322",
"71323",
"71324",
"71325",
"71326",
"71328",
"71330",
"71331",
"71332",
"71333",
"71334",
"71335",
"71336",
"71337",
"71338",
"71339",
"71340",
"71341",
"71342",
"71343",
"71344",
"71345",
"71346",
"71347",
"71348",
"71349",
"71350",
"71351",
"71352",
"71353",
"71354",
"71355",
"71356",
"71357",
"71358",
"71359",
"71363",
"71365",
"71366",
"71367",
"71368",
"71369",
"71370",
"71371",
"71372",
"71373",
"71374",
"71375",
"71376",
"71377",
"71379",
"71382",
"71383",
"71384",
"71385",
"71386",
"71387",
"71388",
"71390",
"71391",
"71392",
"71394",
"71395",
"71397",
"71398",
"71400",
"71401",
"71402",
"71403",
"71404",
"71405",
"71407",
"71408",
"71409",
"71410",
"71411",
"71412",
"71413",
"71414",
"71415",
"71416",
"71417",
"71418",
"71419",
"71420",
"71421",
"71422",
"71423",
"71424",
"71425",
"71428",
"71429",
"71430",
"71431",
"71432",
"71433",
"71434",
"71436",
"71437",
"71438",
"71439",
"71440",
"71442",
"71443",
"71445",
"71446",
"71447",
"71449",
"71450",
"71452",
"71453",
"71454",
"71456",
"71457",
"71458",
"71459",
"71462",
"71463",
"71464",
"71465",
"71466",
"71467",
"71468",
"71469",
"71470",
"71472",
"71473",
"71474",
"71475",
"71477",
"71478",
"71479",
"71480",
"71481",
"71482",
"71483",
"71484",
"71485",
"71486",
"71487",
"71488",
"71490",
"71491",
"71492",
"71493",
"71494",
"71495",
"71496",
"71497",
"71498",
"71499",
"71500",
"71501",
"71502",
"71503",
"71504",
"71505",
"71506",
"71507",
"71508",
"71509",
"71510",
"71511",
"71512",
"71513",
"71514",
"71515",
"71517",
"71518",
"71520",
"71521",
"71522",
"71523",
"71524",
"71525",
"71526",
"71527",
"71528",
"71529",
"71531",
"71532",
"71533",
"71534",
"71535",
"71536",
"71538",
"71541",
"71542",
"71543",
"71544",
"71545",
"71547",
"71548",
"71549",
"71550",
"71552",
"71553",
"71554",
"71555",
"71556",
"71557",
"71558",
"71559",
"71560",
"71561",
"71562",
"71563",
"71564",
"71565",
"71566",
"71567",
"71568",
"71569",
"71570",
"71571",
"71572",
"71573",
"71574",
"71575",
"71576",
"71577",
"71605",
"71578",
"71579",
"71580",
"71581",
"71582",
"71583",
"71584",
"71585",
"71586",
"71587",
"71588",
"71589",
"71590",
"71591",
"71592",
"71593",
"71594",
"71595",
"71596",
"71598",
"71599",
"71600",
"71601",
"71602",
"71603",
"71604",
"71606",
"71607",
"71608",
"71609",
"71610",
"71611",
"71612",
"71613",
"71614",
"71615",
"71616",
"71617",
"71618",
"71619",
"71620",
"71622",
"71623",
"71624",
"71625",
"71626",
"71627",
"71628",
"71629",
"71630",
"71631",
"71632",
"71633",
"71634",
"71635",
"71636",
"71638",
"71641",
"71642",
"71643",
"71644",
"71646",
"71647",
"71648",
"71649",
"71650",
"71651",
"71652",
"71654",
"71655",
"71656",
"71657",
"71658",
"71659",
"71660",
"71661",
"71662",
"71663",
"71664",
"71666",
"71668",
"71669",
"71670",
"71671",
"71672",
"71673",
"71675",
"71676",
"71677",
"71678",
"71680",
"71681",
"71682",
"71683",
"71684",
"71685",
"71686",
"71687",
"71688",
"71689",
"71705",
"71690",
"71691",
"71692",
"71693",
"71694",
"71696",
"71697",
"71698",
"71699",
"71700",
"71701",
"71702",
"71703",
"71704",
"71707",
"71708",
"71709",
"71710",
"71711",
"71712",
"71713",
"71714",
"71715",
"71716",
"71717",
"71718",
"71719",
"71720",
"71721",
"71722",
"71723",
"71724",
"71725",
"71726",
"71727",
"71728",
"71729",
"71730",
"71731",
"71733",
"71735",
"71736",
"71737",
"71738",
"71739",
"71740",
"71742",
"71744",
"71745",
"71746",
"71747",
"71748",
"71749",
"71750",
"71751",
"71752",
"71753",
"71754",
"71755",
"71756",
"71757",
"71758",
"71759",
"71760",
"71761",
"71762",
"71764",
"71765",
"71766",
"71767",
"71768",
"71769",
"71770",
"71772",
"71773",
"71774",
"71775",
"71777",
"71778",
"71779",
"71780",
"71781",
"71782",
"71783",
"71784",
"71785",
"71786",
"71787",
"71788",
"71789",
"71790",
"71791",
"71792",
"71793",
"71794",
"71795",
"71796",
"71797",
"71798",
"71799",
"71800",
"71801",
"71802",
"71803",
"71804",
"71806",
"71807",
"71808",
"71809",
"71810",
"71813",
"71814",
"71815",
"71816",
"71817",
"71818",
"71819",
"71821",
"71822",
"71823",
"71824",
"71825",
"71826",
"71827",
"71828",
"71829",
"71830",
"71831",
"71832",
"71833",
"71834",
"71835",
"71836",
"71837",
"71838",
"71839",
"71840",
"71841",
"71843",
"71844",
"71845",
"71846",
"71847",
"71848",
"71849",
"71850",
"71851",
"71852",
"71853",
"71854",
"71855",
"71856",
"71857",
"71858",
"71860",
"71861",
"71862",
"71864",
"71865",
"71866",
"71867",
"71868",
"71869",
"71870",
"71872",
"71873",
"71874",
"71875",
"71877",
"71878",
"71879",
"71880",
"71881",
"71882",
"71883",
"71884",
"71885",
"71886",
"71888",
"71889",
"71890",
"71891",
"71892",
"71893",
"71894",
"71895",
"71897",
"71900",
"71901",
"71902",
"71903",
"71904",
"71905",
"71906",
"71907",
"71909",
"71911",
"71912",
"71913",
"71914",
"71915",
"71916",
"71917",
"71918",
"71919",
"71920",
"71921",
"71922",
"71923",
"71925",
"71926",
"71927",
"71928",
"71929",
"71930",
"71931",
"71932",
"71934",
"71935",
"71937",
"71939",
"71940",
"71941",
"71942",
"71943",
"71944",
"71945",
"71946",
"71947",
"71948",
"71949",
"71950",
"71954",
"71955",
"71956",
"71958",
"71959",
"71960",
"71961",
"71964",
"71966",
"71967",
"71969",
"71970",
"71973",
"71975",
"71977",
"71978",
"71979",
"71980",
"71981",
"71982",
"71983",
"71984",
"71985",
"71986",
"71987",
"71988",
"71989",
"71990",
"71991",
"71992",
"71993",
"71994",
"71995",
"71996",
"71997",
"71998",
"71999",
"72000",
"72002",
"72003",
"72005",
"72006",
"72007",
"72009",
"72010",
"72011",
"72012",
"72013",
"72014",
"72015",
"72016",
"72017",
"72018",
"72019",
"72020",
"72022",
"72023",
"72025",
"72026",
"72027",
"72028",
"72029",
"72030",
"72031",
"72032",
"72033",
"72034",
"72035",
"72036",
"72037",
"72038",
"72039",
"72041",
"72042",
"72043",
"72044",
"72045",
"72046",
"72047",
"72048",
"72049",
"72050",
"72051",
"72052",
"72053",
"72054",
"72055",
"72056",
"72057",
"72058",
"72059",
"72060",
"72061",
"72062",
"72063",
"72064",
"72065",
"72066",
"72067",
"72068",
"72069",
"72070",
"72071",
"72072",
"72073",
"72074",
"72075",
"72077",
"72078",
"72079",
"72080",
"72081",
"72083",
"72084",
"72085",
"72086",
"72088",
"72089",
"72090",
"72091",
"72094",
"72095",
"72096",
"72098",
"72099",
"72100",
"72101",
"72102",
"72103",
"72104",
"72106",
"72107",
"72108",
"72109",
"72110",
"72111",
"72112",
"72113",
"72114",
"72116",
"72117",
"72119",
"72120",
"72121",
"72122",
"72123",
"72124",
"72125",
"72126",
"72127",
"72128",
"72129",
"72130",
"72132",
"72133",
"72134",
"72135",
"72136",
"72137",
"72139",
"72140",
"72141",
"72142",
"72143",
"72144",
"72145",
"72146",
"72148",
"72150",
"72153",
"72154",
"72155",
"72156",
"72158",
"72159",
"72160",
"72161",
"72162",
"72163",
"72164",
"72165",
"72166",
"72167",
"72168",
"72169",
"72171",
"72172",
"72173",
"72174",
"72175",
"72177",
"72178",
"72180",
"72181",
"72182",
"72183",
"72184",
"72185",
"72186",
"72187",
"72189",
"72190",
"72191",
"72192",
"72194",
"72195",
"72196",
"72197",
"72198",
"72199",
"72200",
"72201",
"72202",
"72207",
"72208",
"72209",
"72211",
"72213",
"72214",
"72216",
"72217",
"72218",
"72219",
"72220",
"72221",
"72222",
"72224",
"72225",
"72226",
"72227",
"72228",
"72229",
"72230",
"72231",
"72232",
"72233",
"72235",
"72237",
"72238",
"72239",
"72241",
"72242",
"72243",
"72244",
"72246",
"72247",
"72248",
"72249",
"72250",
"72251",
"72255",
"72256",
"72257",
"72258",
"72259",
"72260",
"72261",
"72262",
"72263",
"72265",
"72267",
"72268",
"72269",
"72270",
"72271",
"72272",
"72273",
"72274",
"72275",
"72277",
"72278",
"72279",
"72280",
"72281",
"72282",
"72283",
"72284",
"72285",
"72286",
"72287",
"72288",
"72289",
"72290",
"72291",
"72293",
"72294",
"72295",
"72296",
"72297",
"72298",
"72299",
"72300",
"72301",
"72304",
"72305",
"72306",
"72308",
"72309",
"72310",
"72311",
"72312",
"72313",
"72314",
"72315",
"72316",
"10665",
"11990",
"12155",
"12526",
"21251",
"21527",
"23037",
"50708",
"51140",
"51426",
"51488",
"51618",
"70271",
"70317",
"70374",
"71665",
"72317",
"72318",
"72319",
"72320",
"72321",
"72322",
"72323",
"72324",
"72325",
"72326",
"72327",
"72328",
"72329",
"72331",
"72332",
"72333",
"72334",
"72335",
"72337",
"72338",
"72339",
"72340",
"72341",
"72342",
"72343",
"72344",
"72345",
"72346",
"72347",
"72348",
"72349",
"72350",
"72352",
"72353",
"72354",
"72355",
"72356",
"72357",
"72359",
"72360",
"72361",
"72362",
"72363",
"72364",
"72365",
"72366",
"72367",
"72369",
"72370",
"72371",
"72372",
"72373",
"72374",
"72375",
"72376",
"72377",
"72378",
"72379",
"72380",
"72381",
"72382",
"72383",
"72384",
"72385",
"72386",
"72387",
"72388",
"72389",
"72391",
"72393",
"72394",
"72395",
"72396",
"72398",
"72399",
"72400",
"72401",
"72403",
"72405",
"72406",
"72407",
"72408",
"72409",
"72410",
"72411",
"72412",
"72413",
"72414",
"72415",
"72416",
"72417",
"72418",
"72419",
"72420",
"72421",
"72422",
"72423",
"72426",
"72427",
"72428",
"72429",
"72430",
"72431",
"72432",
"72434",
"72435",
"72436",
"72437",
"72438",
"72439",
"72440",
"72441",
"72443",
"72444",
"72446",
"72447",
"72448",
"72449",
"72450",
"72452",
"72453",
"72454",
"72455",
"72457",
"72459",
"72460",
"72462",
"72464",
"72467",
"72468",
"72469",
"72470",
"72471",
"72473",
"72474",
"72475",
"72477",
"72478",
"72479",
"72480",
"72481",
"72482",
"72483",
"72484",
"72485",
"72486",
"72487",
"72488",
"72489",
"72490",
"72491",
"72492",
"72493",
"72495",
"72496",
"72497",
"72498",
"72499",
"72500",
"72516",
"72501",
"72503",
"72504",
"72505",
"72507",
"72508",
"72510",
"72511",
"72512",
"72513",
"72514",
"72515",
"72517",
"72518",
"72520",
"72521",
"72522",
"72523",
"72525",
"72526",
"72527",
"72528",
"72530",
"72531",
"72532",
"72533",
"72534",
"72536",
"72537",
"72538",
"72541",
"72542",
"72543",
"72544",
"72545",
"72546",
"72547",
"72548",
"72549",
"72551",
"72552",
"72553",
"72555",
"72556",
"72557",
"72558",
"72559",
"72560",
"72561",
"72562",
"72563",
"72564",
"72565",
"72566",
"72567",
"72569",
"72570",
"72571",
"72572",
"72573",
"72574",
"72575",
"72576",
"72577",
"72578",
"72581",
"72582",
"72583",
"72584",
"72585",
"72586",
"72587",
"72588",
"72589",
"72590",
"72591",
"72592",
"72593",
"72594",
"72595",
"72596",
"72597",
"72599",
"72600",
"72603",
"72606",
"72607",
"72608",
"72610",
"72611",
"72612",
"72613",
"72614",
"72615",
"72616",
"72617",
"72619",
"72621",
"72622",
"72623",
"72624",
"72625",
"72626",
"72627",
"72628",
"72629",
"72630",
"72631",
"72632",
"72633",
"72634",
"72635",
"72637",
"72638",
"72640",
"72641",
"72642",
"72643",
"72644",
"72645",
"72646",
"72647",
"72648",
"72650",
"72651",
"72652",
"72653",
"72656",
"72657",
"72658",
"72659",
"72660",
"72661",
"72662",
"72663",
"72665",
"72666",
"72668",
"72669",
"72670",
"72671",
"72672",
"72673",
"72674",
"72675",
"72676",
"72677",
"72679",
"72680",
"72681",
"72682",
"72683",
"72684",
"72685",
"72686",
"72687",
"72689",
"72691",
"72692",
"72693",
"72694",
"72697",
"72698",
"72699",
"72700",
"72701",
"72702",
"72703",
"72704",
"72705",
"72706",
"72707",
"72709",
"72710",
"72711",
"72712",
"72713",
"72714",
"72715",
"72716",
"72717",
"72719",
"72720",
"72721",
"72722",
"72723",
"72724",
"72726",
"72727",
"72728",
"72729",
"72730",
"72731",
"72733",
"72734",
"72735",
"72736",
"72738",
"72739",
"72740",
"72741",
"72742",
"72743",
"72744",
"72745",
"72746",
"72747",
"72748",
"72749",
"72750",
"72751",
"72752",
"72753",
"72754",
"72755",
"72756",
"72757",
"72758",
"72760",
"72761",
"72762",
"72763",
"72764",
"72765",
"72766",
"72767",
"72770",
"72771",
"72774",
"72775",
"72776",
"72777",
"72778",
"72779",
"72780",
"72781",
"72782",
"72783",
"72784",
"72785",
"72786",
"72787",
"72788",
"72789",
"72790",
"72791",
"72792",
"72793",
"72794",
"72795",
"72797",
"72798",
"72799",
"72800",
"72801",
"72803",
"72804",
"72805",
"72806",
"72807",
"72809",
"72810",
"72811",
"72812",
"72813",
"72814",
"72815",
"72816",
"72817",
"72818",
"72819",
"72820",
"72821",
"72822",
"72823",
"72824",
"72825",
"72826",
"72827",
"72829",
"72830",
"72831",
"72832",
"72833",
"72834",
"72835",
"72837",
"72840",
"72841",
"72842",
"72843",
"72845",
"72846",
"72847",
"72850",
"72851",
"72852",
"72853",
"72854",
"72856",
"72857",
"72858",
"72859",
"72860",
"72861",
"72863",
"72864",
"72867",
"72868",
"72869",
"72870",
"72871",
"72872",
"72873",
"72874",
"72875",
"72876",
"72877",
"72879",
"72880",
"72882",
"72883",
"72884",
"72886",
"72888",
"72889",
"72890",
"72891",
"72892",
"72893",
"72895",
"72896",
"72897",
"72898",
"72899",
"72900",
"72901",
"72902",
"72903",
"72904",
"72905",
"72906",
"72907",
"72908",
"72909",
"72910",
"72911",
"72912",
"72913",
"72914",
"72915",
"72916",
"72917",
"72918",
"72919",
"72920",
"72921",
"72922",
"72923",
"72924",
"72925",
"72926",
"72928",
"72929",
"72930",
"72931",
"72932",
"72933",
"72934",
"72935",
"72936",
"72937",
"72940",
"72941",
"72942",
"72943",
"72944",
"72945",
"72946",
"72947",
"72948",
"72949",
"72950",
"72951",
"72952",
"72954",
"72955",
"72956",
"72957",
"72958",
"72959",
"72961",
"72963",
"72964",
"72965",
"72966",
"72967",
"72968",
"72969",
"72970",
"72971",
"72972",
"72975",
"72976",
"72977",
"72978",
"72979",
"72980",
"72981",
"72982",
"72983",
"72984",
"72987",
"72991",
"72994",
"72995",
"72996",
"73000",
"73001",
"73002",
"73003",
"73004",
"73006",
"73007",
"73010",
"73011",
"73016",
"73017",
"73018",
"73019",
"73020",
"73021",
"73022",
"73023",
"73025",
"73027",
"73028",
"73029",
"73030",
"73031",
"73032",
"73033",
"73034",
"73035",
"73036",
"73037",
"73038",
"73039",
"73040",
"73041",
"73043",
"73044",
"73045",
"73046",
"73047",
"73048",
"73050",
"73051",
"73052",
"73053",
"73054",
"73055",
"73056",
"73057",
"73058",
"73060",
"73061",
"73062",
"73063",
"73064",
"73069",
"73070",
"73071",
"73073",
"73074",
"73075",
"73076",
"73077",
"73078",
"73079",
"73080",
"73081",
"73082",
"73084",
"73085",
"73086",
"73087",
"73088",
"73089",
"73090",
"73091",
"73092",
"73093",
"73094",
"73095",
"73096",
"73097",
"73098",
"73099",
"74000",
"74001",
"74002",
"74003",
"74004",
"74005",
"74006",
"74007",
"11013",
"12187",
"14078",
"22074",
"44112",
"70089",
"12108",
"70217",
"72397",
"74008",
"74009",
"74010",
"74011",
"74012",
"74014",
"74015",
"74016",
"74017",
"74018",
"74019",
"74020",
"74021",
"74022",
"74023",
"74024",
"74025",
"74026",
"74027",
"74028",
"74029",
"74030",
"74031",
"74032",
"74033",
"74034",
"74035",
"74036",
"74037",
"74038",
"74039",
"74040",
"74042",
"74043",
"74044",
"74046",
"74047",
"74049",
"74052",
"74055",
"74056",
"74057",
"74058",
"74059",
"74064",
"74065",
"74066",
"74067",
"74068",
"74069",
"74070",
"74071",
"74072",
"74073",
"74074",
"74075",
"74076",
"74077",
"74078",
"74079",
"74080",
"74081",
"74082",
"74083",
"74084",
"74085",
"74086",
"74087",
"74088",
"74089",
"74090",
"74091",
"74092",
"74093",
"74094",
"74095",
"74096",
"74097",
"74100",
"74101",
"74102",
"74103",
"74104",
"74105",
"74106",
"74107",
"74108",
"74109",
"74110",
"74111",
"74112",
"74113",
"74114",
"74115",
"74116",
"74117",
"74121",
"74122",
"74124",
"74125",
"74126",
"74127",
"74128",
"74129",
"74130",
"74131",
"74132",
"74133",
"74134",
"74135",
"74136",
"74137",
"74138",
"74139",
"74140",
"74145",
"74146",
"74147",
"74148",
"74149",
"74150",
"74151",
"74152",
"74153",
"74154",
"74155",
"74156",
"74160",
"74161",
"74162",
"74163",
"74164",
"74165",
"74166",
"74167",
"74168",
"74169",
"74170",
"74171",
"74172",
"74173",
"74174",
"74175",
"74176",
"74177",
"74178",
"74179",
"74180",
"74181",
"74182",
"74183",
"74184",
"74185",
"74186",
"74187",
"74188",
"74189",
"74190",
"74191",
"74192",
"74193",
"74194",
"74195",
"74196",
"74197",
"74198",
"74199",
"74200",
"74201",
"74202",
"74203",
"74204",
"74207",
"74208",
"74209",
"74210",
"74211",
"74212",
"74213",
"74214",
"74215",
"74216",
"74217",
"74218",
"74219",
"74220",
"74221",
"74222",
"74223",
"74224",
"74225",
"74226",
"74227",
"74228",
"74229",
"74230",
"74231",
"74232",
"74233",
"74234",
"74235",
"74236",
"74237",
"74238",
"74239",
"74240",
"74241",
"74242",
"74243",
"74244",
"74245",
"74246",
"74247",
"74248",
"74249",
"74250",
"74251",
"74252",
"74253",
"72649",
"74254",
"74255",
"74256",
"74257",
"74258",
"74259",
"74260",
"74261",
"74262",
"74263",
"74264",
"74265",
"74266",
"74267",
"74268",
"74270",
"74271",
"74272",
"74273",
"74274",
"74275",
"74276",
"74278",
"74279",
"74280",
"74282",
"74283",
"74285",
"74286",
"74287",
"74288",
"74289",
"74290",
"74291",
"74292",
"74293",
"74294",
"74295",
"74296",
"74297",
"74298",
"74299",
"74300",
"74301",
"74302",
"74303",
"74304",
"74305",
"74306",
"74307",
"74308",
"74309",
"74310",
"74311",
"74312",
"74313",
"74314",
"74315",
"74316",
"74318",
"74319",
"74320",
"74321",
"74322",
"74323",
"74324",
"74325",
"74326",
"74327",
"74328",
"74329",
"74332",
"74334",
"74974",
"84221",
"84243",
"84305",
"84334",
"84345",
"87492",
"74277",
